{"cameraMode":{"drawMode":0,"name":"Shaded","section":"Shading Mode"},"sceneLighting":true,"audioPlay":false,"sceneViewState":{"m_AlwaysRefresh":false,"showFog":true,"showSkybox":true,"showFlares":true,"showImageEffects":true,"showParticleSystems":true,"showVisualEffectGraphs":true,"m_FxEnabled":true},"in2DMode":false,"pivot":{"x":2.793577194213867,"y":0.47653892636299136,"z":-0.7674432992935181},"rotation":{"x":0.025265434756875039,"y":0.47957873344421389,"z":-0.013815739192068577,"w":0.8770286440849304},"size":3.6175966262817385,"orthographic":false}